{
  "checkpoint": "/home/jovyan/avarlamov/skoltech/lunarlander-rl/runs/ppo_exp_005_kl_0.2/best_policy.pt",
  "n_episodes": 100,
  "deterministic": false,
  "device": "cuda",
  "results": {
    "mean": 291.04588909385103,
    "std": 19.523631503192625,
    "min": 244.5163963904476,
    "max": 329.76955136257067,
    "success_rate": 1.0
  }
}