{
  "checkpoint": "/home/jovyan/avarlamov/skoltech/lunarlander-rl/runs/ppo_exp_001_500/best_policy.pt",
  "n_episodes": 100,
  "deterministic": false,
  "device": "cuda",
  "results": {
    "mean": 285.4020612845572,
    "std": 47.677983291793666,
    "min": -36.435785681941944,
    "max": 328.385748487658,
    "success_rate": 0.98
  }
}